{
  "hash": "3efcf671",
  "configHash": "f7b7c64b",
  "lockfileHash": "8385bcaf",
  "browserHash": "2fddc948",
  "optimized": {
    "@angular/core": {
      "src": "../../../../../../node_modules/@angular/core/fesm2022/core.mjs",
      "file": "@angular_core.js",
      "fileHash": "99ca36be",
      "needsInterop": false
    },
    "@angular/platform-browser": {
      "src": "../../../../../../node_modules/@angular/platform-browser/fesm2022/platform-browser.mjs",
      "file": "@angular_platform-browser.js",
      "fileHash": "3e1e10a4",
      "needsInterop": false
    },
    "@angular/router": {
      "src": "../../../../../../node_modules/@angular/router/fesm2022/router.mjs",
      "file": "@angular_router.js",
      "fileHash": "b894b73b",
      "needsInterop": false
    },
    "@angular/common": {
      "src": "../../../../../../node_modules/@angular/common/fesm2022/common.mjs",
      "file": "@angular_common.js",
      "fileHash": "4edbcec0",
      "needsInterop": false
    }
  },
  "chunks": {
    "chunk-KQXSPHOE": {
      "file": "chunk-KQXSPHOE.js"
    },
    "chunk-4PMWF6IT": {
      "file": "chunk-4PMWF6IT.js"
    },
    "chunk-LUHT2WFK": {
      "file": "chunk-LUHT2WFK.js"
    }
  }
}